{
    "sv": 1.0, 
    "de": 0.37749901999215996, 
    "cs": 0.39474715797726384, 
    "es": 0.6793414347314779, 
    "fr": 1.0
}